{
    "$schema": "https://schema.management.azure.com/schemas/2015-01-01/deploymentParameters.json#",
    "contentVersion": "1.0.0.0",
    "parameters": {
        "virtualMachines_web2vm_name": {
            "value": null
        },
        "virtualNetworks_web2_vnet_name": {
            "value": null
        },
        "networkInterfaces_web2vm262_name": {
            "value": null
        },
        "publicIPAddresses_web2vm_ip_name": {
            "value": null
        },
        "publicIPAddresses_web2_vnet_ip_name": {
            "value": null
        },
        "networkSecurityGroups_web2vm_nsg_name": {
            "value": null
        }
    }
}